<Application>
	<StreamManager>
		<Live>
			<!-- When enabled, the server will assume that incoming live streams have -->
			<!-- timestamps that are based on an absolute clock, such as a SMPTE time -->
			<!-- signal contained within the encoder's input source.                  -->
			<!-- Default is false.                                                    -->
			<AssumeAbsoluteTime>true</AssumeAbsoluteTime>
		</Live>
    </StreamManager>    
	<Debug>
		<!-- This sets the default value for application.allowDebug          -->
		<!-- allowDebug is a gate allowing debug connections on a per app    -->
		<!-- basis.  The default value is false				     -->
		<AllowDebugDefault>true</AllowDebugDefault>
	</Debug>
</Application>

